{
  "seed": 42,
  "auc": {
    "per_skill_mean": 0.6006230308427905,
    "bkt": 0.685919487462245,
    "dkt": 0.6814879889357096
  }
}